Ns,es,bs
2,0.03573574888475761,18.113095560791017
3,0.0011975069986061015,0.5942105370770829
4,1.8033754022539483e-5,0.08949400852041417
5,1.1447404384412607e-6,0.012717416506089048
6,4.357859939574382e-8,0.00418502847513928
7,4.404650866263182e-9,0.0007196748829756502
8,2.4913049401220633e-10,0.00010227198542118069
9,8.339107182564476e-12,1.3227501994015608e-5
10,3.241851231905457e-13,2.244295260514242e-6
11,5.3290705182007514e-14,3.1594469901064017e-7
12,1.9539925233402755e-14,4.960152373898784e-8
13,2.842170943040401e-14,NaN
14,3.375077994860476e-14,NaN
