Ns,es,bs
10,61.26437585564509,7624.399882764679
20,58.07498466110357,4963.35833077535
30,36.70463768473455,2156.1275356009833
40,0.2079027910212332,526.3310825059817
50,2.824899785736079e-5,53.538297823042306
60,2.894253725571616e-10,2.2196680039056416
70,1.028510610012745e-12,0.038988062905945906
80,6.883382752675971e-13,0.00031324644560264006
