Ns,es,bs
10,64.81281008805911,7624.399882764679
20,70.42207461046007,4963.35833077535
30,33.802433625696054,2156.1275356009833
40,0.22351083520300108,526.3310825059817
50,2.6979388863423992e-5,53.538297823042306
60,3.0755131774640176e-10,2.2196680039056416
70,1.0125233984581428e-12,0.038988062905945906
80,6.963318810448982e-13,0.00031324644560264006
